{"TDS": 562, "EC": 0.878125, "P": 20.3533, "pH": 5.794546, "A": 0.09045899, "ETc": 0, "H": 0, "CO2": 308, "WTc": 34.0625, "WP": 99.79999}