{"TDS": 412, "EC": 0.64375, "P": 1454.696, "pH": 7.137362, "A": 6.465317, "ETc": 33.3, "H": 57, "CO2": 7167, "WTc": 33.4375, "tc": 1}