{"TDS": 354, "EC": 0.553125, "P": 431.373, "pH": 6.092641, "A": 1.917214, "ETc": 32.9, "H": 61, "CO2": 9200, "WTc": 33.125, "tc": 0}