{"TDS": 459, "EC": 0.717188, "P": 436.325, "pH": 6.596891, "A": 1.939222, "ETc": 33.2, "H": 58, "CO2": 2098, "WTc": 33.3125, "tc": 1}